<?xml version="1.0" encoding="UTF-8"?>
<project-private xmlns="http://www.netbeans.org/ns/project-private/1">
    <editor-bookmarks xmlns="http://www.netbeans.org/ns/editor-bookmarks/2" lastBookmarkId="0"/>
    <open-files xmlns="http://www.netbeans.org/ns/projectui-open-files/2">
        <group>
            <file>file:/J:/RexExpresion/src/base/Interprete.java</file>
            <file>file:/J:/RexExpresion/src/base/Main.java</file>
            <file>file:/J:/RexExpresion/src/base/Fecha.java</file>
            <file>file:/J:/RexExpresion/src/base/Persona.java</file>
            <file>file:/J:/RexExpresion/src/base/Mensaje.java</file>
            <file>file:/J:/RexExpresion/src/base/Hora.java</file>
        </group>
    </open-files>
</project-private>
